{"episode_id": 0, "content_type": "video/mp4", "encoder_version": {"backend": "ffmpeg", "version": "b'ffmpeg version 4.3.1 Copyright (c) 2000-2020 the FFmpeg developers\\nbuilt with gcc 7.5.0 (crosstool-NG 1.24.0.131_87df0e6_dirty)\\nconfiguration: --prefix=/home/smetzger/.conda/envs/cs285 --cc=/home/conda/feedstock_root/build_artifacts/ffmpeg_1596712246804/_build_env/bin/x86_64-conda-linux-gnu-cc --disable-doc --disable-openssl --enable-avresample --enable-gnutls --enable-gpl --enable-hardcoded-tables --enable-libfreetype --enable-libopenh264 --enable-libx264 --enable-pic --enable-pthreads --enable-shared --enable-static --enable-version3 --enable-zlib --enable-libmp3lame\\nlibavutil      56. 51.100 / 56. 51.100\\nlibavcodec     58. 91.100 / 58. 91.100\\nlibavformat    58. 45.100 / 58. 45.100\\nlibavdevice    58. 10.100 / 58. 10.100\\nlibavfilter     7. 85.100 /  7. 85.100\\nlibavresample   4.  0.  0 /  4.  0.  0\\nlibswscale      5.  7.100 /  5.  7.100\\nlibswresample   3.  7.100 /  3.  7.100\\nlibpostproc    55.  7.100 / 55.  7.100\\n'", "cmdline": ["ffmpeg", "-nostats", "-loglevel", "error", "-y", "-f", "rawvideo", "-s:v", "10x10", "-pix_fmt", "rgb24", "-framerate", "50", "-i", "-", "-vf", "scale=trunc(iw/2)*2:trunc(ih/2)*2", "-vcodec", "libx264", "-pix_fmt", "yuv420p", "-r", "50", "/userdata/smetzger/cs285/homework_fall2020/hw3/cs285/data/hw3_q2_dqn_2_LunarLander-v3_16-10-2020_11-29-37/gym/openaigym.video.0.11448.video000000.mp4"]}, "broken": true}